DROP TABLE IF EXISTS professor;
DROP TABLE IF EXISTS student;
DROP TABLE IF EXISTS slots;
DROP TABLE IF EXISTS freeslots;
DROP TABLE IF EXISTS bookedslots;
DROP TABLE IF EXISTS proftt;

CREATE TABLE professor(prof_id INT AUTO_INCREMENT , password VARCHAR(30) , first_name VARCHAR(30) , second_name VARCHAR(30) , PRIMARY KEY (prof_id));
INSERT INTO professor values (1,'Pran@1234','Pranesh','Das');
INSERT INTO professor values (2,'Prab@1234','Prabhu','');
INSERT INTO professor values (3,'Raju@1234','Raju','Hazari');
INSERT INTO professor values (4,'Jayp@1234','Jayprakash','Mural');
INSERT INTO professor values (5,'Mani@1234','Manisha','');
INSERT INTO professor values (6,'Sume@1234','Sumesh','J');
INSERT INTO professor values (7,'Said@1234','Saidalavi','Kalady');
INSERT INTO professor values (8,'Alth@1234','Althaf','S');
INSERT INTO professor values (9,'Vasu@1234','Vasudevan','Ramakrishnan');
INSERT INTO professor values (10,'Renj@1234','Renjith','');
INSERT INTO professor values (11,'Shee@1234','Sheerazuddin','J');
INSERT INTO professor values (12,'Vino@1234','Vinod','Pathari');
INSERT INTO professor values (13,'Vine@1234','Vineeth','Paleri');
INSERT INTO professor values (14,'Mura@1234','MuraliKrishnan','K');
INSERT INTO professor values (15,'Pour@1234','Pournami','P N');
INSERT INTO professor values (16,'Gopa@1234','Gopakumar','G');
INSERT INTO professor values (17,'Anu@1234','Anu','Mary Chacko');
INSERT INTO professor values (18,'Ompr@1234','Omprakash','Gupta');
INSERT INTO professor values (19,'Isha@1234','Ishan','Chavla');
INSERT INTO professor values (20,'Teja@1234','Tejas','Pandya');
INSERT INTO professor values (21,'Aswi@1234','Aswini','Goswami');
INSERT INTO professor values (22,'Rish@1234','Rishita','Anthony');
INSERT INTO professor values (23,'Amli@1234','Amli','L');
INSERT INTO professor values (24,'Jay@1234','Jay','Varma');
INSERT INTO professor values (25,'Ajay@1234','Ajay','Varma');
INSERT INTO professor values (26,'Riti@1234','Ritik','Bhatt');
INSERT INTO professor values (27,'Neha@1234','Neha','Kaur');
INSERT INTO professor values (28,'Aksh@1234','Akshay','Dhoni');
INSERT INTO professor values (29,'Anja@1234','Anjali','Patel');
INSERT INTO professor values (30,'Diya@1234','Diya','Patel');
INSERT INTO professor values (31,'Dish@1234','Disha','Patani');
INSERT INTO professor values (32,'Vais@1234','Vaisakha','Singhania');
INSERT INTO professor values (33,'Jaya@1234','Jayaraj','P B');
INSERT INTO professor values (34,'Jimm@1234','Jimmy','Jose');
INSERT INTO professor values (35,'Arun@1234','Arun','Raj Kumar');


CREATE TABLE student(roll_no VARCHAR(10) , password VARCHAR(30) ,first_name VARCHAR(30) , second_name VARCHAR(30) , email VARCHAR(30),PRIMARY KEY (roll_no));
INSERT into student values ('B190001CS','AdiB@1234','Aditi','Bhatt','Aditi_B190001CS@nitc.ac.in');
INSERT into student values ('B190002CS','TejB@1234','Tejas','Bhatt','Tejas_B190002CS@nitc.ac.in');
INSERT into student values ('B190003CS','AksM@1234','Akshay','Mandhana','Akshay_B190003CS@nitc.ac.in');
INSERT into student values ('B190004CS','IshB@1234','Ishan','Bhatt','Ishan_B190004CS@nitc.ac.in');
INSERT into student values ('B190005CS','DivK@1234','Divya','Kohli','Divya_B190005CS@nitc.ac.in');
INSERT into student values ('B190006CS','RisG@1234','Rishita','Goswami','Rishita_B190006CS@nitc.ac.in');
INSERT into student values ('B190007CS','VaiP@1234','Vaisakha','Pandya','Vaisakha_B190007CS@nitc.ac.in');
INSERT into student values ('B190008CS','IshB@1234','Ishan','Bhardwaj','Ishan_B190008CS@nitc.ac.in');
INSERT into student values ('B190009CS','RisD@1234','Rishi','Dhoni','Rishi_B190009CS@nitc.ac.in');
INSERT into student values ('B190010CS','RisP@1234','Rishita','Patel','Rishita_B190010CS@nitc.ac.in');
INSERT into student values ('B200001CE','DhrG@1234','Dhruv','Goswami','Dhruv_B200001CE@nitc.ac.in');
INSERT into student values ('B200001ME','RisS@1234','Rishi','Sharma','Rishi_B200001ME@nitc.ac.in');
INSERT into student values ('B200002CE','RisC@1234','Rishi','Chavla','Rishi_B200002CE@nitc.ac.in');
INSERT into student values ('B200002CS','RahB@1234','Rahul','B','Rahul_B200002CS@nitc.ac.in');
INSERT into student values ('B200002ME','RitB@1234','Ritik','Bhardwaj','Ritik_B200002ME@nitc.ac.in');
INSERT into student values ('B200003CE','AjaV@1234','Ajay','Varma','Ajay_B200003CE@nitc.ac.in');
INSERT into student values ('B200003ME','DhrK@1234','Dhruv','Kohli','Dhruv_B200003ME@nitc.ac.in');
INSERT into student values ('B200004CE','AksV@1234','Akshay','Varma','Akshay_B200004CE@nitc.ac.in');
INSERT into student values ('B200004CS','RamI@1234','Ramesh','I','Ramesh_B200004CS@nitc.ac.in');
INSERT into student values ('B200004ME','AswS@1234','Aswini','Sharma','Aswini_B200004ME@nitc.ac.in');
INSERT into student values ('B200005CE','RisK@1234','Rishi','Khatri','Rishi_B200005CE@nitc.ac.in');
INSERT into student values ('B200005ME','JacK@1234','Jacqueline','Kohli','Jacqueline_B200005ME@nitc.ac.in');
INSERT into student values ('B200006CE','RisP@1234','Rishita','Pandya','Rishita_B200006CE@nitc.ac.in');
INSERT into student values ('B200006CS','RajG@1234','Raj','G','Raj_B200006CS@nitc.ac.in');
INSERT into student values ('B200006ME','AjaS@1234','Ajay','Singhania','Ajay_B200006ME@nitc.ac.in');
INSERT into student values ('B200007CE','DiyD@1234','Diya','Dhawan','Diya_B200007CE@nitc.ac.in');
INSERT into student values ('B200007ME','AmrB@1234','Amrit','Bhardwaj','Amrit_B200007ME@nitc.ac.in');
INSERT into student values ('B200008CE','VaiS@1234','Vaisakha','Singhania','Vaisakha_B200008CE@nitc.ac.in');
INSERT into student values ('B200008CS','RajS@1234','Raj','Sharma','Raj_B200008CS@nitc.ac.in');
INSERT into student values ('B200008ME','TejL@1234','Tejas','L','Tejas_B200008ME@nitc.ac.in');
INSERT into student values ('B200009CE','JacG@1234','Jacqueline','Goswami','Jacqueline_B200009CE@nitc.ac.in');
INSERT into student values ('B200009ME','RisK@1234','Rishi','Khatri','Rishi_B200009ME@nitc.ac.in');
INSERT into student values ('B200010CE','AksM@1234','Akshay','Mandhana','Akshay_B200010CE@nitc.ac.in');
INSERT into student values ('B200010CS','RajV@1234','Raj','Varma','Raj_B200010CS@nitc.ac.in');
INSERT into student values ('B200010ME','AmaM@1234','Amar','Mandhana','Amar_B200010ME@nitc.ac.in');
INSERT into student values ('B200012CS','RakU@1234','Rakesh','U','Rakesh_B200012CS@nitc.ac.in');
INSERT into student values ('B200014CS','RamG@1234','Ramesh','G','Ramesh_B200014CS@nitc.ac.in');
INSERT into student values ('B200016CS','RahA@1234','Rahul','A','Rahul_B200016CS@nitc.ac.in');
INSERT into student values ('B200018CS','DinN@1234','Dinesh','N','Dinesh_B200018CS@nitc.ac.in');
INSERT into student values ('B200020CS','RajD@1234','Raj','D','Raj_B200020CS@nitc.ac.in');
INSERT into student values ('B200053CS','NavS@1234','Navaneeth','Shanavasan','Navaneeth_B200053CS@nitc.ac.in');
INSERT into student values ('B200055CS','RitK@1234','Rithika','Kathirvel','Rithika_B200055CS@nitc.ac.in');
INSERT into student values ('B200059CS','VaiR@1234','Vaisakh','Ramachandran','Vaisakh_B200059CS@nitc.ac.in');
INSERT into student values ('B200691CS','TejR@1234','Tejaswini','R','Tejaswini_B200691CS@nitc.ac.in');
INSERT into student values ('B200693CS','AmrH@1234','Amritha','H Prabhu','Amritha_B200693CS@nitc.ac.in');
INSERT into student values ('B200697CS','RisV@1234','Rishika','V Menon','Rishika_B200697CS@nitc.ac.in');
INSERT into student values ('B200701CS','SanG@1234','Sandhra','Gireeshkumar','Sandhra_B200701CS@nitc.ac.in');
INSERT into student values ('B200737CS','AswS@1234','Aswin','Sreekumar','Aswin_B200737CS@nitc.ac.in');
INSERT into student values ('B200743CS','JacS@1234','Jackson','Stephan','Jackson_B200743CS@nitc.ac.in');
INSERT into student values ('B200761CS','AmaM@1234','Amal','Manikandan','Amal_B200761CS@nitc.ac.in');
INSERT into student values ('B200841CS','RisK@1234','Rishit','Kumar Chordia','Rishit_B200841CS@nitc.ac.in');

CREATE TABLE slots(slot_id INT AUTO_INCREMENT , day VARCHAR(10) ,starting_time decimal(4,2) , ending_time decimal(4,2) , PRIMARY KEY (slot_id));
INSERT INTO slots VALUES (1,'Monday',8.00,9.00);
INSERT INTO slots VALUES (2,'Monday',9.00,10.00);
INSERT INTO slots VALUES (3,'Monday',10.15,11.15);
INSERT INTO slots VALUES (4,'Monday',11.15,12.15);
INSERT INTO slots VALUES (5,'Monday',13.00,14.00);
INSERT INTO slots VALUES (6,'Monday',14.00,15.00);
INSERT INTO slots VALUES (7,'Monday',15.00,16.00);
INSERT INTO slots VALUES (8,'Monday',16.00,17.00);
INSERT INTO slots VALUES (9,'Tuesday',8.00,9.00);
INSERT INTO slots VALUES (10,'Tuesday',9.00,10.00);
INSERT INTO slots VALUES (11,'Tuesday',10.15,11.15);
INSERT INTO slots VALUES (12,'Tuesday',11.15,12.15);
INSERT INTO slots VALUES (13,'Tuesday',13.00,14.00);
INSERT INTO slots VALUES (14,'Tuesday',14.00,15.00);
INSERT INTO slots VALUES (15,'Tuesday',15.00,16.00);
INSERT INTO slots VALUES (16,'Tuesday',16.00,17.00);
INSERT INTO slots VALUES (17,'Wednesday',8.00,9.00);
INSERT INTO slots VALUES (18,'Wednesday',9.00,10.00);
INSERT INTO slots VALUES (19,'Wednesday',10.15,11.15);
INSERT INTO slots VALUES (20,'Wednesday',11.15,12.15);
INSERT INTO slots VALUES (21,'Wednesday',13.00,14.00);
INSERT INTO slots VALUES (22,'Wednesday',14.00,15.00);
INSERT INTO slots VALUES (23,'Wednesday',15.00,16.00);
INSERT INTO slots VALUES (24,'Wednesday',16.00,17.00);
INSERT INTO slots VALUES (25,'Thursday',8.00,9.00);
INSERT INTO slots VALUES (26,'Thursday',9.00,10.00);
INSERT INTO slots VALUES (27,'Thursday',10.15,11.15);
INSERT INTO slots VALUES (28,'Thursday',11.15,12.15);
INSERT INTO slots VALUES (29,'Thursday',13.00,14.00);
INSERT INTO slots VALUES (30,'Thursday',14.00,15.00);
INSERT INTO slots VALUES (31,'Thursday',15.00,16.00);
INSERT INTO slots VALUES (32,'Thursday',16.00,17.00);
INSERT INTO slots VALUES (33,'Friday',8.00,9.00);
INSERT INTO slots VALUES (34,'Friday',9.00,10.00);
INSERT INTO slots VALUES (35,'Friday',10.15,11.15);
INSERT INTO slots VALUES (36,'Friday',11.15,12.15);
INSERT INTO slots VALUES (37,'Friday',13.00,14.00);
INSERT INTO slots VALUES (38,'Friday',14.00,15.00);
INSERT INTO slots VALUES (39,'Friday',15.00,16.00);
INSERT INTO slots VALUES (40,'Friday',16.00,17.00);

CREATE TABLE proftt(slot_id INT , prof_id INT ,PRIMARY KEY (slot_id,prof_id) , FOREIGN KEY (prof_id) REFERENCES professor(prof_id), FOREIGN KEY (slot_id) REFERENCES slots(slot_id));
INSERT into proftt values (33,33);
INSERT into proftt values (33,13);
INSERT into proftt values (33,9);
INSERT into proftt values (33,10);
INSERT into proftt values (34,34);
INSERT into proftt values (34,2);
INSERT into proftt values (34,4);
INSERT into proftt values (34,30);
INSERT into proftt values (34,32);
INSERT into proftt values (34,25);
INSERT into proftt values (34,24);
INSERT into proftt values (35,33);
INSERT into proftt values (35,4);
INSERT into proftt values (35,1);
INSERT into proftt values (35,32);
INSERT into proftt values (35,30);
INSERT into proftt values (35,24);
INSERT into proftt values (35,23);
INSERT into proftt values (36,11);
INSERT into proftt values (36,7);
INSERT into proftt values (36,8);
INSERT into proftt values (36,28);
INSERT into proftt values (36,27);
INSERT into proftt values (36,21);
INSERT into proftt values (37,14);
INSERT into proftt values (38,1);
INSERT into proftt values (38,2);
INSERT into proftt values (39,1);
INSERT into proftt values (39,2);
INSERT into proftt values (40,1);
INSERT into proftt values (40,2);
INSERT into proftt values (1,33);
INSERT into proftt values (1,11);
INSERT into proftt values (1,14);
INSERT into proftt values (1,28);
INSERT into proftt values (1,31);
INSERT into proftt values (1,21);
INSERT into proftt values (2,33);
INSERT into proftt values (2,6);
INSERT into proftt values (2,8);
INSERT into proftt values (2,31);
INSERT into proftt values (2,28);
INSERT into proftt values (2,22);
INSERT into proftt values (2,23);
INSERT into proftt values (3,33);
INSERT into proftt values (3,8);
INSERT into proftt values (3,6);
INSERT into proftt values (3,26);
INSERT into proftt values (3,29);
INSERT into proftt values (3,18);
INSERT into proftt values (4,11);
INSERT into proftt values (4,3);
INSERT into proftt values (4,1);
INSERT into proftt values (4,29);
INSERT into proftt values (4,27);
INSERT into proftt values (4,25);
INSERT into proftt values (4,24);
INSERT into proftt values (5,35);
INSERT into proftt values (5,20);
INSERT into proftt values (6,16);
INSERT into proftt values (6,15);
INSERT into proftt values (7,16);
INSERT into proftt values (7,15);
INSERT into proftt values (8,16);
INSERT into proftt values (8,15);
INSERT into proftt values (25,33);
INSERT into proftt values (25,8);
INSERT into proftt values (25,7);
INSERT into proftt values (25,26);
INSERT into proftt values (25,29);
INSERT into proftt values (25,20);
INSERT into proftt values (26,33);
INSERT into proftt values (26,4);
INSERT into proftt values (26,1);
INSERT into proftt values (26,32);
INSERT into proftt values (26,30);
INSERT into proftt values (26,18);
INSERT into proftt values (27,34);
INSERT into proftt values (27,12);
INSERT into proftt values (27,9);
INSERT into proftt values (27,10);
INSERT into proftt values (27,28);
INSERT into proftt values (27,31);
INSERT into proftt values (27,23);
INSERT into proftt values (27,22);
INSERT into proftt values (28,33);
INSERT into proftt values (28,11);
INSERT into proftt values (28,31);
INSERT into proftt values (28,28);
INSERT into proftt values (28,24);
INSERT into proftt values (28,25);
INSERT into proftt values (30,17);
INSERT into proftt values (31,17);
INSERT into proftt values (32,17);
INSERT into proftt values (9,33);
INSERT into proftt values (9,28);
INSERT into proftt values (9,31);
INSERT into proftt values (9,19);
INSERT into proftt values (10,35);
INSERT into proftt values (10,14);
INSERT into proftt values (10,26);
INSERT into proftt values (10,29);
INSERT into proftt values (10,22);
INSERT into proftt values (10,23);
INSERT into proftt values (11,33);
INSERT into proftt values (11,11);
INSERT into proftt values (11,28);
INSERT into proftt values (11,27);
INSERT into proftt values (11,23);
INSERT into proftt values (11,22);
INSERT into proftt values (12,11);
INSERT into proftt values (12,2);
INSERT into proftt values (12,3);
INSERT into proftt values (12,30);
INSERT into proftt values (12,32);
INSERT into proftt values (12,24);
INSERT into proftt values (12,25);
INSERT into proftt values (17,34);
INSERT into proftt values (17,12);
INSERT into proftt values (17,10);
INSERT into proftt values (17,9);
INSERT into proftt values (17,20);
INSERT into proftt values (18,33);
INSERT into proftt values (18,2);
INSERT into proftt values (18,3);
INSERT into proftt values (18,30);
INSERT into proftt values (18,32);
INSERT into proftt values (18,23);
INSERT into proftt values (18,24);
INSERT into proftt values (19,35);
INSERT into proftt values (19,5);
INSERT into proftt values (19,8);
INSERT into proftt values (19,31);
INSERT into proftt values (19,28);
INSERT into proftt values (19,22);
INSERT into proftt values (19,23);
INSERT into proftt values (20,8);
INSERT into proftt values (20,5);
INSERT into proftt values (20,32);
INSERT into proftt values (20,30);
INSERT into proftt values (20,23);
INSERT into proftt values (20,22);
INSERT into proftt values (21,21);
INSERT into proftt values (22,7);
INSERT into proftt values (22,14);
INSERT into proftt values (23,7);
INSERT into proftt values (23,14);
INSERT into proftt values (24,7);
INSERT into proftt values (24,14);

CREATE TABLE freeslots(slot_id INT , prof_id INT ,PRIMARY KEY (slot_id,prof_id) , FOREIGN KEY (prof_id) REFERENCES professor(prof_id), FOREIGN KEY (slot_id) REFERENCES slots(slot_id));
INSERT into freeslots values (1,1);
INSERT into freeslots values (1,2);
INSERT into freeslots values (1,3);
INSERT into freeslots values (1,4);
INSERT into freeslots values (1,5);
INSERT into freeslots values (1,6);
INSERT into freeslots values (1,7);
INSERT into freeslots values (1,8);
INSERT into freeslots values (1,9);
INSERT into freeslots values (1,10);
INSERT into freeslots values (1,12);
INSERT into freeslots values (1,13);
INSERT into freeslots values (1,15);
INSERT into freeslots values (1,16);
INSERT into freeslots values (1,17);
INSERT into freeslots values (1,18);
INSERT into freeslots values (1,19);
INSERT into freeslots values (1,20);
INSERT into freeslots values (1,22);
INSERT into freeslots values (1,23);
INSERT into freeslots values (1,24);
INSERT into freeslots values (1,25);
INSERT into freeslots values (1,26);
INSERT into freeslots values (1,27);
INSERT into freeslots values (1,29);
INSERT into freeslots values (1,30);
INSERT into freeslots values (1,32);
INSERT into freeslots values (1,34);
INSERT into freeslots values (1,35);
INSERT into freeslots values (2,1);
INSERT into freeslots values (2,2);
INSERT into freeslots values (2,3);
INSERT into freeslots values (2,4);
INSERT into freeslots values (2,5);
INSERT into freeslots values (2,7);
INSERT into freeslots values (2,9);
INSERT into freeslots values (2,10);
INSERT into freeslots values (2,11);
INSERT into freeslots values (2,12);
INSERT into freeslots values (2,13);
INSERT into freeslots values (2,14);
INSERT into freeslots values (2,15);
INSERT into freeslots values (2,16);
INSERT into freeslots values (2,17);
INSERT into freeslots values (2,18);
INSERT into freeslots values (2,19);
INSERT into freeslots values (2,20);
INSERT into freeslots values (2,21);
INSERT into freeslots values (2,24);
INSERT into freeslots values (2,25);
INSERT into freeslots values (2,26);
INSERT into freeslots values (2,27);
INSERT into freeslots values (2,29);
INSERT into freeslots values (2,30);
INSERT into freeslots values (2,32);
INSERT into freeslots values (2,34);
INSERT into freeslots values (2,35);
INSERT into freeslots values (3,1);
INSERT into freeslots values (3,2);
INSERT into freeslots values (3,3);
INSERT into freeslots values (3,4);
INSERT into freeslots values (3,5);
INSERT into freeslots values (3,7);
INSERT into freeslots values (3,9);
INSERT into freeslots values (3,10);
INSERT into freeslots values (3,11);
INSERT into freeslots values (3,12);
INSERT into freeslots values (3,13);
INSERT into freeslots values (3,14);
INSERT into freeslots values (3,15);
INSERT into freeslots values (3,16);
INSERT into freeslots values (3,17);
INSERT into freeslots values (3,19);
INSERT into freeslots values (3,20);
INSERT into freeslots values (3,21);
INSERT into freeslots values (3,22);
INSERT into freeslots values (3,23);
INSERT into freeslots values (3,24);
INSERT into freeslots values (3,25);
INSERT into freeslots values (3,27);
INSERT into freeslots values (3,28);
INSERT into freeslots values (3,30);
INSERT into freeslots values (3,31);
INSERT into freeslots values (3,32);
INSERT into freeslots values (3,34);
INSERT into freeslots values (3,35);
INSERT into freeslots values (4,2);
INSERT into freeslots values (4,4);
INSERT into freeslots values (4,5);
INSERT into freeslots values (4,6);
INSERT into freeslots values (4,7);
INSERT into freeslots values (4,8);
INSERT into freeslots values (4,9);
INSERT into freeslots values (4,10);
INSERT into freeslots values (4,12);
INSERT into freeslots values (4,13);
INSERT into freeslots values (4,14);
INSERT into freeslots values (4,15);
INSERT into freeslots values (4,16);
INSERT into freeslots values (4,17);
INSERT into freeslots values (4,18);
INSERT into freeslots values (4,19);
INSERT into freeslots values (4,20);
INSERT into freeslots values (4,21);
INSERT into freeslots values (4,22);
INSERT into freeslots values (4,23);
INSERT into freeslots values (4,26);
INSERT into freeslots values (4,28);
INSERT into freeslots values (4,30);
INSERT into freeslots values (4,31);
INSERT into freeslots values (4,32);
INSERT into freeslots values (4,33);
INSERT into freeslots values (4,34);
INSERT into freeslots values (4,35);
INSERT into freeslots values (5,1);
INSERT into freeslots values (5,2);
INSERT into freeslots values (5,3);
INSERT into freeslots values (5,4);
INSERT into freeslots values (5,5);
INSERT into freeslots values (5,6);
INSERT into freeslots values (5,7);
INSERT into freeslots values (5,8);
INSERT into freeslots values (5,9);
INSERT into freeslots values (5,10);
INSERT into freeslots values (5,11);
INSERT into freeslots values (5,12);
INSERT into freeslots values (5,13);
INSERT into freeslots values (5,14);
INSERT into freeslots values (5,15);
INSERT into freeslots values (5,16);
INSERT into freeslots values (5,17);
INSERT into freeslots values (5,18);
INSERT into freeslots values (5,19);
INSERT into freeslots values (5,21);
INSERT into freeslots values (5,22);
INSERT into freeslots values (5,23);
INSERT into freeslots values (5,24);
INSERT into freeslots values (5,25);
INSERT into freeslots values (5,26);
INSERT into freeslots values (5,27);
INSERT into freeslots values (5,28);
INSERT into freeslots values (5,29);
INSERT into freeslots values (5,30);
INSERT into freeslots values (5,31);
INSERT into freeslots values (5,32);
INSERT into freeslots values (5,33);
INSERT into freeslots values (5,34);
INSERT into freeslots values (6,1);
INSERT into freeslots values (6,2);
INSERT into freeslots values (6,3);
INSERT into freeslots values (6,4);
INSERT into freeslots values (6,5);
INSERT into freeslots values (6,6);
INSERT into freeslots values (6,7);
INSERT into freeslots values (6,8);
INSERT into freeslots values (6,9);
INSERT into freeslots values (6,10);
INSERT into freeslots values (6,11);
INSERT into freeslots values (6,12);
INSERT into freeslots values (6,13);
INSERT into freeslots values (6,14);
INSERT into freeslots values (6,17);
INSERT into freeslots values (6,18);
INSERT into freeslots values (6,19);
INSERT into freeslots values (6,20);
INSERT into freeslots values (6,21);
INSERT into freeslots values (6,22);
INSERT into freeslots values (6,23);
INSERT into freeslots values (6,24);
INSERT into freeslots values (6,25);
INSERT into freeslots values (6,26);
INSERT into freeslots values (6,27);
INSERT into freeslots values (6,28);
INSERT into freeslots values (6,29);
INSERT into freeslots values (6,30);
INSERT into freeslots values (6,31);
INSERT into freeslots values (6,32);
INSERT into freeslots values (6,33);
INSERT into freeslots values (6,34);
INSERT into freeslots values (6,35);
INSERT into freeslots values (7,1);
INSERT into freeslots values (7,2);
INSERT into freeslots values (7,3);
INSERT into freeslots values (7,4);
INSERT into freeslots values (7,5);
INSERT into freeslots values (7,6);
INSERT into freeslots values (7,7);
INSERT into freeslots values (7,8);
INSERT into freeslots values (7,9);
INSERT into freeslots values (7,10);
INSERT into freeslots values (7,11);
INSERT into freeslots values (7,12);
INSERT into freeslots values (7,13);
INSERT into freeslots values (7,14);
INSERT into freeslots values (7,17);
INSERT into freeslots values (7,18);
INSERT into freeslots values (7,19);
INSERT into freeslots values (7,20);
INSERT into freeslots values (7,21);
INSERT into freeslots values (7,22);
INSERT into freeslots values (7,23);
INSERT into freeslots values (7,24);
INSERT into freeslots values (7,25);
INSERT into freeslots values (7,26);
INSERT into freeslots values (7,27);
INSERT into freeslots values (7,28);
INSERT into freeslots values (7,29);
INSERT into freeslots values (7,30);
INSERT into freeslots values (7,31);
INSERT into freeslots values (7,32);
INSERT into freeslots values (7,33);
INSERT into freeslots values (7,34);
INSERT into freeslots values (7,35);
INSERT into freeslots values (8,1);
INSERT into freeslots values (8,2);
INSERT into freeslots values (8,3);
INSERT into freeslots values (8,4);
INSERT into freeslots values (8,5);
INSERT into freeslots values (8,6);
INSERT into freeslots values (8,7);
INSERT into freeslots values (8,8);
INSERT into freeslots values (8,9);
INSERT into freeslots values (8,10);
INSERT into freeslots values (8,11);
INSERT into freeslots values (8,12);
INSERT into freeslots values (8,13);
INSERT into freeslots values (8,14);
INSERT into freeslots values (8,17);
INSERT into freeslots values (8,18);
INSERT into freeslots values (8,19);
INSERT into freeslots values (8,20);
INSERT into freeslots values (8,21);
INSERT into freeslots values (8,22);
INSERT into freeslots values (8,23);
INSERT into freeslots values (8,24);
INSERT into freeslots values (8,25);
INSERT into freeslots values (8,26);
INSERT into freeslots values (8,27);
INSERT into freeslots values (8,28);
INSERT into freeslots values (8,29);
INSERT into freeslots values (8,30);
INSERT into freeslots values (8,31);
INSERT into freeslots values (8,32);
INSERT into freeslots values (8,33);
INSERT into freeslots values (8,34);
INSERT into freeslots values (8,35);
INSERT into freeslots values (9,1);
INSERT into freeslots values (9,2);
INSERT into freeslots values (9,3);
INSERT into freeslots values (9,4);
INSERT into freeslots values (9,5);
INSERT into freeslots values (9,6);
INSERT into freeslots values (9,7);
INSERT into freeslots values (9,8);
INSERT into freeslots values (9,9);
INSERT into freeslots values (9,10);
INSERT into freeslots values (9,11);
INSERT into freeslots values (9,12);
INSERT into freeslots values (9,13);
INSERT into freeslots values (9,14);
INSERT into freeslots values (9,15);
INSERT into freeslots values (9,16);
INSERT into freeslots values (9,17);
INSERT into freeslots values (9,18);
INSERT into freeslots values (9,20);
INSERT into freeslots values (9,21);
INSERT into freeslots values (9,22);
INSERT into freeslots values (9,23);
INSERT into freeslots values (9,24);
INSERT into freeslots values (9,25);
INSERT into freeslots values (9,26);
INSERT into freeslots values (9,27);
INSERT into freeslots values (9,29);
INSERT into freeslots values (9,30);
INSERT into freeslots values (9,32);
INSERT into freeslots values (9,34);
INSERT into freeslots values (9,35);
INSERT into freeslots values (10,1);
INSERT into freeslots values (10,2);
INSERT into freeslots values (10,3);
INSERT into freeslots values (10,4);
INSERT into freeslots values (10,5);
INSERT into freeslots values (10,6);
INSERT into freeslots values (10,7);
INSERT into freeslots values (10,8);
INSERT into freeslots values (10,9);
INSERT into freeslots values (10,10);
INSERT into freeslots values (10,11);
INSERT into freeslots values (10,12);
INSERT into freeslots values (10,13);
INSERT into freeslots values (10,15);
INSERT into freeslots values (10,16);
INSERT into freeslots values (10,17);
INSERT into freeslots values (10,18);
INSERT into freeslots values (10,19);
INSERT into freeslots values (10,20);
INSERT into freeslots values (10,21);
INSERT into freeslots values (10,24);
INSERT into freeslots values (10,25);
INSERT into freeslots values (10,27);
INSERT into freeslots values (10,28);
INSERT into freeslots values (10,30);
INSERT into freeslots values (10,31);
INSERT into freeslots values (10,32);
INSERT into freeslots values (10,33);
INSERT into freeslots values (10,34);
INSERT into freeslots values (11,1);
INSERT into freeslots values (11,2);
INSERT into freeslots values (11,3);
INSERT into freeslots values (11,4);
INSERT into freeslots values (11,5);
INSERT into freeslots values (11,6);
INSERT into freeslots values (11,7);
INSERT into freeslots values (11,8);
INSERT into freeslots values (11,9);
INSERT into freeslots values (11,10);
INSERT into freeslots values (11,12);
INSERT into freeslots values (11,13);
INSERT into freeslots values (11,14);
INSERT into freeslots values (11,15);
INSERT into freeslots values (11,16);
INSERT into freeslots values (11,17);
INSERT into freeslots values (11,18);
INSERT into freeslots values (11,19);
INSERT into freeslots values (11,20);
INSERT into freeslots values (11,21);
INSERT into freeslots values (11,24);
INSERT into freeslots values (11,25);
INSERT into freeslots values (11,26);
INSERT into freeslots values (11,29);
INSERT into freeslots values (11,30);
INSERT into freeslots values (11,31);
INSERT into freeslots values (11,32);
INSERT into freeslots values (11,34);
INSERT into freeslots values (11,35);
INSERT into freeslots values (12,1);
INSERT into freeslots values (12,4);
INSERT into freeslots values (12,5);
INSERT into freeslots values (12,6);
INSERT into freeslots values (12,7);
INSERT into freeslots values (12,8);
INSERT into freeslots values (12,9);
INSERT into freeslots values (12,10);
INSERT into freeslots values (12,12);
INSERT into freeslots values (12,13);
INSERT into freeslots values (12,14);
INSERT into freeslots values (12,15);
INSERT into freeslots values (12,16);
INSERT into freeslots values (12,17);
INSERT into freeslots values (12,18);
INSERT into freeslots values (12,19);
INSERT into freeslots values (12,20);
INSERT into freeslots values (12,21);
INSERT into freeslots values (12,22);
INSERT into freeslots values (12,23);
INSERT into freeslots values (12,26);
INSERT into freeslots values (12,27);
INSERT into freeslots values (12,28);
INSERT into freeslots values (12,29);
INSERT into freeslots values (12,31);
INSERT into freeslots values (12,33);
INSERT into freeslots values (12,34);
INSERT into freeslots values (12,35);
INSERT into freeslots values (13,1);
INSERT into freeslots values (13,2);
INSERT into freeslots values (13,3);
INSERT into freeslots values (13,4);
INSERT into freeslots values (13,5);
INSERT into freeslots values (13,6);
INSERT into freeslots values (13,7);
INSERT into freeslots values (13,8);
INSERT into freeslots values (13,9);
INSERT into freeslots values (13,10);
INSERT into freeslots values (13,11);
INSERT into freeslots values (13,12);
INSERT into freeslots values (13,13);
INSERT into freeslots values (13,14);
INSERT into freeslots values (13,15);
INSERT into freeslots values (13,16);
INSERT into freeslots values (13,17);
INSERT into freeslots values (13,18);
INSERT into freeslots values (13,19);
INSERT into freeslots values (13,20);
INSERT into freeslots values (13,21);
INSERT into freeslots values (13,22);
INSERT into freeslots values (13,23);
INSERT into freeslots values (13,24);
INSERT into freeslots values (13,25);
INSERT into freeslots values (13,26);
INSERT into freeslots values (13,27);
INSERT into freeslots values (13,28);
INSERT into freeslots values (13,29);
INSERT into freeslots values (13,30);
INSERT into freeslots values (13,31);
INSERT into freeslots values (13,32);
INSERT into freeslots values (13,33);
INSERT into freeslots values (13,34);
INSERT into freeslots values (13,35);
INSERT into freeslots values (14,1);
INSERT into freeslots values (14,2);
INSERT into freeslots values (14,3);
INSERT into freeslots values (14,4);
INSERT into freeslots values (14,5);
INSERT into freeslots values (14,6);
INSERT into freeslots values (14,7);
INSERT into freeslots values (14,8);
INSERT into freeslots values (14,9);
INSERT into freeslots values (14,10);
INSERT into freeslots values (14,11);
INSERT into freeslots values (14,12);
INSERT into freeslots values (14,13);
INSERT into freeslots values (14,14);
INSERT into freeslots values (14,15);
INSERT into freeslots values (14,16);
INSERT into freeslots values (14,17);
INSERT into freeslots values (14,18);
INSERT into freeslots values (14,19);
INSERT into freeslots values (14,20);
INSERT into freeslots values (14,21);
INSERT into freeslots values (14,22);
INSERT into freeslots values (14,23);
INSERT into freeslots values (14,24);
INSERT into freeslots values (14,25);
INSERT into freeslots values (14,26);
INSERT into freeslots values (14,27);
INSERT into freeslots values (14,28);
INSERT into freeslots values (14,29);
INSERT into freeslots values (14,30);
INSERT into freeslots values (14,31);
INSERT into freeslots values (14,32);
INSERT into freeslots values (14,33);
INSERT into freeslots values (14,34);
INSERT into freeslots values (14,35);
INSERT into freeslots values (15,1);
INSERT into freeslots values (15,2);
INSERT into freeslots values (15,3);
INSERT into freeslots values (15,4);
INSERT into freeslots values (15,5);
INSERT into freeslots values (15,6);
INSERT into freeslots values (15,7);
INSERT into freeslots values (15,8);
INSERT into freeslots values (15,9);
INSERT into freeslots values (15,10);
INSERT into freeslots values (15,11);
INSERT into freeslots values (15,12);
INSERT into freeslots values (15,13);
INSERT into freeslots values (15,14);
INSERT into freeslots values (15,15);
INSERT into freeslots values (15,16);
INSERT into freeslots values (15,17);
INSERT into freeslots values (15,18);
INSERT into freeslots values (15,19);
INSERT into freeslots values (15,20);
INSERT into freeslots values (15,21);
INSERT into freeslots values (15,22);
INSERT into freeslots values (15,23);
INSERT into freeslots values (15,24);
INSERT into freeslots values (15,25);
INSERT into freeslots values (15,26);
INSERT into freeslots values (15,27);
INSERT into freeslots values (15,28);
INSERT into freeslots values (15,29);
INSERT into freeslots values (15,30);
INSERT into freeslots values (15,31);
INSERT into freeslots values (15,32);
INSERT into freeslots values (15,33);
INSERT into freeslots values (15,34);
INSERT into freeslots values (15,35);
INSERT into freeslots values (16,1);
INSERT into freeslots values (16,2);
INSERT into freeslots values (16,3);
INSERT into freeslots values (16,4);
INSERT into freeslots values (16,5);
INSERT into freeslots values (16,6);
INSERT into freeslots values (16,7);
INSERT into freeslots values (16,8);
INSERT into freeslots values (16,9);
INSERT into freeslots values (16,10);
INSERT into freeslots values (16,11);
INSERT into freeslots values (16,12);
INSERT into freeslots values (16,13);
INSERT into freeslots values (16,14);
INSERT into freeslots values (16,15);
INSERT into freeslots values (16,16);
INSERT into freeslots values (16,17);
INSERT into freeslots values (16,18);
INSERT into freeslots values (16,19);
INSERT into freeslots values (16,20);
INSERT into freeslots values (16,21);
INSERT into freeslots values (16,22);
INSERT into freeslots values (16,23);
INSERT into freeslots values (16,24);
INSERT into freeslots values (16,25);
INSERT into freeslots values (16,26);
INSERT into freeslots values (16,27);
INSERT into freeslots values (16,28);
INSERT into freeslots values (16,29);
INSERT into freeslots values (16,30);
INSERT into freeslots values (16,31);
INSERT into freeslots values (16,32);
INSERT into freeslots values (16,33);
INSERT into freeslots values (16,34);
INSERT into freeslots values (16,35);
INSERT into freeslots values (17,1);
INSERT into freeslots values (17,2);
INSERT into freeslots values (17,3);
INSERT into freeslots values (17,4);
INSERT into freeslots values (17,5);
INSERT into freeslots values (17,6);
INSERT into freeslots values (17,7);
INSERT into freeslots values (17,8);
INSERT into freeslots values (17,11);
INSERT into freeslots values (17,13);
INSERT into freeslots values (17,14);
INSERT into freeslots values (17,15);
INSERT into freeslots values (17,16);
INSERT into freeslots values (17,17);
INSERT into freeslots values (17,18);
INSERT into freeslots values (17,19);
INSERT into freeslots values (17,21);
INSERT into freeslots values (17,22);
INSERT into freeslots values (17,23);
INSERT into freeslots values (17,24);
INSERT into freeslots values (17,25);
INSERT into freeslots values (17,26);
INSERT into freeslots values (17,27);
INSERT into freeslots values (17,28);
INSERT into freeslots values (17,29);
INSERT into freeslots values (17,30);
INSERT into freeslots values (17,31);
INSERT into freeslots values (17,32);
INSERT into freeslots values (17,33);
INSERT into freeslots values (17,35);
INSERT into freeslots values (18,1);
INSERT into freeslots values (18,4);
INSERT into freeslots values (18,5);
INSERT into freeslots values (18,6);
INSERT into freeslots values (18,7);
INSERT into freeslots values (18,8);
INSERT into freeslots values (18,9);
INSERT into freeslots values (18,10);
INSERT into freeslots values (18,11);
INSERT into freeslots values (18,12);
INSERT into freeslots values (18,13);
INSERT into freeslots values (18,14);
INSERT into freeslots values (18,15);
INSERT into freeslots values (18,16);
INSERT into freeslots values (18,17);
INSERT into freeslots values (18,18);
INSERT into freeslots values (18,19);
INSERT into freeslots values (18,20);
INSERT into freeslots values (18,21);
INSERT into freeslots values (18,22);
INSERT into freeslots values (18,25);
INSERT into freeslots values (18,26);
INSERT into freeslots values (18,27);
INSERT into freeslots values (18,28);
INSERT into freeslots values (18,29);
INSERT into freeslots values (18,31);
INSERT into freeslots values (18,34);
INSERT into freeslots values (18,35);
INSERT into freeslots values (19,1);
INSERT into freeslots values (19,2);
INSERT into freeslots values (19,3);
INSERT into freeslots values (19,4);
INSERT into freeslots values (19,6);
INSERT into freeslots values (19,7);
INSERT into freeslots values (19,9);
INSERT into freeslots values (19,10);
INSERT into freeslots values (19,11);
INSERT into freeslots values (19,12);
INSERT into freeslots values (19,13);
INSERT into freeslots values (19,14);
INSERT into freeslots values (19,15);
INSERT into freeslots values (19,16);
INSERT into freeslots values (19,17);
INSERT into freeslots values (19,18);
INSERT into freeslots values (19,19);
INSERT into freeslots values (19,20);
INSERT into freeslots values (19,21);
INSERT into freeslots values (19,24);
INSERT into freeslots values (19,25);
INSERT into freeslots values (19,26);
INSERT into freeslots values (19,27);
INSERT into freeslots values (19,29);
INSERT into freeslots values (19,30);
INSERT into freeslots values (19,32);
INSERT into freeslots values (19,33);
INSERT into freeslots values (19,34);
INSERT into freeslots values (20,1);
INSERT into freeslots values (20,2);
INSERT into freeslots values (20,3);
INSERT into freeslots values (20,4);
INSERT into freeslots values (20,6);
INSERT into freeslots values (20,7);
INSERT into freeslots values (20,9);
INSERT into freeslots values (20,10);
INSERT into freeslots values (20,11);
INSERT into freeslots values (20,12);
INSERT into freeslots values (20,13);
INSERT into freeslots values (20,14);
INSERT into freeslots values (20,15);
INSERT into freeslots values (20,16);
INSERT into freeslots values (20,17);
INSERT into freeslots values (20,18);
INSERT into freeslots values (20,19);
INSERT into freeslots values (20,20);
INSERT into freeslots values (20,21);
INSERT into freeslots values (20,24);
INSERT into freeslots values (20,25);
INSERT into freeslots values (20,26);
INSERT into freeslots values (20,27);
INSERT into freeslots values (20,28);
INSERT into freeslots values (20,29);
INSERT into freeslots values (20,31);
INSERT into freeslots values (20,33);
INSERT into freeslots values (20,34);
INSERT into freeslots values (20,35);
INSERT into freeslots values (21,1);
INSERT into freeslots values (21,2);
INSERT into freeslots values (21,3);
INSERT into freeslots values (21,4);
INSERT into freeslots values (21,5);
INSERT into freeslots values (21,6);
INSERT into freeslots values (21,7);
INSERT into freeslots values (21,8);
INSERT into freeslots values (21,9);
INSERT into freeslots values (21,10);
INSERT into freeslots values (21,11);
INSERT into freeslots values (21,12);
INSERT into freeslots values (21,13);
INSERT into freeslots values (21,14);
INSERT into freeslots values (21,15);
INSERT into freeslots values (21,16);
INSERT into freeslots values (21,17);
INSERT into freeslots values (21,18);
INSERT into freeslots values (21,19);
INSERT into freeslots values (21,20);
INSERT into freeslots values (21,22);
INSERT into freeslots values (21,23);
INSERT into freeslots values (21,24);
INSERT into freeslots values (21,25);
INSERT into freeslots values (21,26);
INSERT into freeslots values (21,27);
INSERT into freeslots values (21,28);
INSERT into freeslots values (21,29);
INSERT into freeslots values (21,30);
INSERT into freeslots values (21,31);
INSERT into freeslots values (21,32);
INSERT into freeslots values (21,33);
INSERT into freeslots values (21,34);
INSERT into freeslots values (21,35);
INSERT into freeslots values (22,1);
INSERT into freeslots values (22,2);
INSERT into freeslots values (22,3);
INSERT into freeslots values (22,4);
INSERT into freeslots values (22,5);
INSERT into freeslots values (22,6);
INSERT into freeslots values (22,8);
INSERT into freeslots values (22,9);
INSERT into freeslots values (22,10);
INSERT into freeslots values (22,11);
INSERT into freeslots values (22,12);
INSERT into freeslots values (22,13);
INSERT into freeslots values (22,15);
INSERT into freeslots values (22,16);
INSERT into freeslots values (22,17);
INSERT into freeslots values (22,18);
INSERT into freeslots values (22,19);
INSERT into freeslots values (22,20);
INSERT into freeslots values (22,21);
INSERT into freeslots values (22,22);
INSERT into freeslots values (22,23);
INSERT into freeslots values (22,24);
INSERT into freeslots values (22,25);
INSERT into freeslots values (22,26);
INSERT into freeslots values (22,27);
INSERT into freeslots values (22,28);
INSERT into freeslots values (22,29);
INSERT into freeslots values (22,30);
INSERT into freeslots values (22,31);
INSERT into freeslots values (22,32);
INSERT into freeslots values (22,33);
INSERT into freeslots values (22,34);
INSERT into freeslots values (22,35);
INSERT into freeslots values (23,1);
INSERT into freeslots values (23,2);
INSERT into freeslots values (23,3);
INSERT into freeslots values (23,4);
INSERT into freeslots values (23,5);
INSERT into freeslots values (23,6);
INSERT into freeslots values (23,8);
INSERT into freeslots values (23,9);
INSERT into freeslots values (23,10);
INSERT into freeslots values (23,11);
INSERT into freeslots values (23,12);
INSERT into freeslots values (23,13);
INSERT into freeslots values (23,15);
INSERT into freeslots values (23,16);
INSERT into freeslots values (23,17);
INSERT into freeslots values (23,18);
INSERT into freeslots values (23,19);
INSERT into freeslots values (23,20);
INSERT into freeslots values (23,21);
INSERT into freeslots values (23,22);
INSERT into freeslots values (23,23);
INSERT into freeslots values (23,24);
INSERT into freeslots values (23,25);
INSERT into freeslots values (23,26);
INSERT into freeslots values (23,27);
INSERT into freeslots values (23,28);
INSERT into freeslots values (23,29);
INSERT into freeslots values (23,30);
INSERT into freeslots values (23,31);
INSERT into freeslots values (23,32);
INSERT into freeslots values (23,33);
INSERT into freeslots values (23,34);
INSERT into freeslots values (23,35);
INSERT into freeslots values (24,1);
INSERT into freeslots values (24,2);
INSERT into freeslots values (24,3);
INSERT into freeslots values (24,4);
INSERT into freeslots values (24,5);
INSERT into freeslots values (24,6);
INSERT into freeslots values (24,8);
INSERT into freeslots values (24,9);
INSERT into freeslots values (24,10);
INSERT into freeslots values (24,11);
INSERT into freeslots values (24,12);
INSERT into freeslots values (24,13);
INSERT into freeslots values (24,15);
INSERT into freeslots values (24,16);
INSERT into freeslots values (24,17);
INSERT into freeslots values (24,18);
INSERT into freeslots values (24,19);
INSERT into freeslots values (24,20);
INSERT into freeslots values (24,21);
INSERT into freeslots values (24,22);
INSERT into freeslots values (24,23);
INSERT into freeslots values (24,24);
INSERT into freeslots values (24,25);
INSERT into freeslots values (24,26);
INSERT into freeslots values (24,27);
INSERT into freeslots values (24,28);
INSERT into freeslots values (24,29);
INSERT into freeslots values (24,30);
INSERT into freeslots values (24,31);
INSERT into freeslots values (24,32);
INSERT into freeslots values (24,33);
INSERT into freeslots values (24,34);
INSERT into freeslots values (24,35);
INSERT into freeslots values (25,1);
INSERT into freeslots values (25,2);
INSERT into freeslots values (25,3);
INSERT into freeslots values (25,4);
INSERT into freeslots values (25,5);
INSERT into freeslots values (25,6);
INSERT into freeslots values (25,9);
INSERT into freeslots values (25,10);
INSERT into freeslots values (25,11);
INSERT into freeslots values (25,12);
INSERT into freeslots values (25,13);
INSERT into freeslots values (25,14);
INSERT into freeslots values (25,15);
INSERT into freeslots values (25,16);
INSERT into freeslots values (25,17);
INSERT into freeslots values (25,18);
INSERT into freeslots values (25,19);
INSERT into freeslots values (25,21);
INSERT into freeslots values (25,22);
INSERT into freeslots values (25,23);
INSERT into freeslots values (25,24);
INSERT into freeslots values (25,25);
INSERT into freeslots values (25,27);
INSERT into freeslots values (25,28);
INSERT into freeslots values (25,30);
INSERT into freeslots values (25,31);
INSERT into freeslots values (25,32);
INSERT into freeslots values (25,34);
INSERT into freeslots values (25,35);
INSERT into freeslots values (26,2);
INSERT into freeslots values (26,3);
INSERT into freeslots values (26,5);
INSERT into freeslots values (26,6);
INSERT into freeslots values (26,7);
INSERT into freeslots values (26,8);
INSERT into freeslots values (26,9);
INSERT into freeslots values (26,10);
INSERT into freeslots values (26,11);
INSERT into freeslots values (26,12);
INSERT into freeslots values (26,13);
INSERT into freeslots values (26,14);
INSERT into freeslots values (26,15);
INSERT into freeslots values (26,16);
INSERT into freeslots values (26,17);
INSERT into freeslots values (26,19);
INSERT into freeslots values (26,20);
INSERT into freeslots values (26,21);
INSERT into freeslots values (26,22);
INSERT into freeslots values (26,23);
INSERT into freeslots values (26,24);
INSERT into freeslots values (26,25);
INSERT into freeslots values (26,26);
INSERT into freeslots values (26,27);
INSERT into freeslots values (26,28);
INSERT into freeslots values (26,29);
INSERT into freeslots values (26,31);
INSERT into freeslots values (26,34);
INSERT into freeslots values (26,35);
INSERT into freeslots values (27,1);
INSERT into freeslots values (27,2);
INSERT into freeslots values (27,3);
INSERT into freeslots values (27,4);
INSERT into freeslots values (27,5);
INSERT into freeslots values (27,6);
INSERT into freeslots values (27,7);
INSERT into freeslots values (27,8);
INSERT into freeslots values (27,11);
INSERT into freeslots values (27,13);
INSERT into freeslots values (27,14);
INSERT into freeslots values (27,15);
INSERT into freeslots values (27,16);
INSERT into freeslots values (27,17);
INSERT into freeslots values (27,18);
INSERT into freeslots values (27,19);
INSERT into freeslots values (27,20);
INSERT into freeslots values (27,21);
INSERT into freeslots values (27,24);
INSERT into freeslots values (27,25);
INSERT into freeslots values (27,26);
INSERT into freeslots values (27,27);
INSERT into freeslots values (27,29);
INSERT into freeslots values (27,30);
INSERT into freeslots values (27,32);
INSERT into freeslots values (27,33);
INSERT into freeslots values (27,35);
INSERT into freeslots values (28,1);
INSERT into freeslots values (28,2);
INSERT into freeslots values (28,3);
INSERT into freeslots values (28,4);
INSERT into freeslots values (28,5);
INSERT into freeslots values (28,6);
INSERT into freeslots values (28,7);
INSERT into freeslots values (28,8);
INSERT into freeslots values (28,9);
INSERT into freeslots values (28,10);
INSERT into freeslots values (28,12);
INSERT into freeslots values (28,13);
INSERT into freeslots values (28,14);
INSERT into freeslots values (28,15);
INSERT into freeslots values (28,16);
INSERT into freeslots values (28,17);
INSERT into freeslots values (28,18);
INSERT into freeslots values (28,19);
INSERT into freeslots values (28,20);
INSERT into freeslots values (28,21);
INSERT into freeslots values (28,22);
INSERT into freeslots values (28,23);
INSERT into freeslots values (28,26);
INSERT into freeslots values (28,27);
INSERT into freeslots values (28,29);
INSERT into freeslots values (28,30);
INSERT into freeslots values (28,32);
INSERT into freeslots values (28,34);
INSERT into freeslots values (28,35);
INSERT into freeslots values (29,1);
INSERT into freeslots values (29,2);
INSERT into freeslots values (29,3);
INSERT into freeslots values (29,4);
INSERT into freeslots values (29,5);
INSERT into freeslots values (29,6);
INSERT into freeslots values (29,7);
INSERT into freeslots values (29,8);
INSERT into freeslots values (29,9);
INSERT into freeslots values (29,10);
INSERT into freeslots values (29,11);
INSERT into freeslots values (29,12);
INSERT into freeslots values (29,13);
INSERT into freeslots values (29,14);
INSERT into freeslots values (29,15);
INSERT into freeslots values (29,16);
INSERT into freeslots values (29,17);
INSERT into freeslots values (29,18);
INSERT into freeslots values (29,19);
INSERT into freeslots values (29,20);
INSERT into freeslots values (29,21);
INSERT into freeslots values (29,22);
INSERT into freeslots values (29,23);
INSERT into freeslots values (29,24);
INSERT into freeslots values (29,25);
INSERT into freeslots values (29,26);
INSERT into freeslots values (29,27);
INSERT into freeslots values (29,28);
INSERT into freeslots values (29,29);
INSERT into freeslots values (29,30);
INSERT into freeslots values (29,31);
INSERT into freeslots values (29,32);
INSERT into freeslots values (29,33);
INSERT into freeslots values (29,34);
INSERT into freeslots values (29,35);
INSERT into freeslots values (30,1);
INSERT into freeslots values (30,2);
INSERT into freeslots values (30,3);
INSERT into freeslots values (30,4);
INSERT into freeslots values (30,5);
INSERT into freeslots values (30,6);
INSERT into freeslots values (30,7);
INSERT into freeslots values (30,8);
INSERT into freeslots values (30,9);
INSERT into freeslots values (30,10);
INSERT into freeslots values (30,11);
INSERT into freeslots values (30,12);
INSERT into freeslots values (30,13);
INSERT into freeslots values (30,14);
INSERT into freeslots values (30,15);
INSERT into freeslots values (30,16);
INSERT into freeslots values (30,18);
INSERT into freeslots values (30,19);
INSERT into freeslots values (30,20);
INSERT into freeslots values (30,21);
INSERT into freeslots values (30,22);
INSERT into freeslots values (30,23);
INSERT into freeslots values (30,24);
INSERT into freeslots values (30,25);
INSERT into freeslots values (30,26);
INSERT into freeslots values (30,27);
INSERT into freeslots values (30,28);
INSERT into freeslots values (30,29);
INSERT into freeslots values (30,30);
INSERT into freeslots values (30,31);
INSERT into freeslots values (30,32);
INSERT into freeslots values (30,33);
INSERT into freeslots values (30,34);
INSERT into freeslots values (30,35);
INSERT into freeslots values (31,1);
INSERT into freeslots values (31,2);
INSERT into freeslots values (31,3);
INSERT into freeslots values (31,4);
INSERT into freeslots values (31,5);
INSERT into freeslots values (31,6);
INSERT into freeslots values (31,7);
INSERT into freeslots values (31,8);
INSERT into freeslots values (31,9);
INSERT into freeslots values (31,10);
INSERT into freeslots values (31,11);
INSERT into freeslots values (31,12);
INSERT into freeslots values (31,13);
INSERT into freeslots values (31,14);
INSERT into freeslots values (31,15);
INSERT into freeslots values (31,16);
INSERT into freeslots values (31,18);
INSERT into freeslots values (31,19);
INSERT into freeslots values (31,20);
INSERT into freeslots values (31,21);
INSERT into freeslots values (31,22);
INSERT into freeslots values (31,23);
INSERT into freeslots values (31,24);
INSERT into freeslots values (31,25);
INSERT into freeslots values (31,26);
INSERT into freeslots values (31,27);
INSERT into freeslots values (31,28);
INSERT into freeslots values (31,29);
INSERT into freeslots values (31,30);
INSERT into freeslots values (31,31);
INSERT into freeslots values (31,32);
INSERT into freeslots values (31,33);
INSERT into freeslots values (31,34);
INSERT into freeslots values (31,35);
INSERT into freeslots values (32,1);
INSERT into freeslots values (32,2);
INSERT into freeslots values (32,3);
INSERT into freeslots values (32,4);
INSERT into freeslots values (32,5);
INSERT into freeslots values (32,6);
INSERT into freeslots values (32,7);
INSERT into freeslots values (32,8);
INSERT into freeslots values (32,9);
INSERT into freeslots values (32,10);
INSERT into freeslots values (32,11);
INSERT into freeslots values (32,12);
INSERT into freeslots values (32,13);
INSERT into freeslots values (32,14);
INSERT into freeslots values (32,15);
INSERT into freeslots values (32,16);
INSERT into freeslots values (32,18);
INSERT into freeslots values (32,19);
INSERT into freeslots values (32,20);
INSERT into freeslots values (32,21);
INSERT into freeslots values (32,22);
INSERT into freeslots values (32,23);
INSERT into freeslots values (32,24);
INSERT into freeslots values (32,25);
INSERT into freeslots values (32,26);
INSERT into freeslots values (32,27);
INSERT into freeslots values (32,28);
INSERT into freeslots values (32,29);
INSERT into freeslots values (32,30);
INSERT into freeslots values (32,31);
INSERT into freeslots values (32,32);
INSERT into freeslots values (32,33);
INSERT into freeslots values (32,34);
INSERT into freeslots values (32,35);
INSERT into freeslots values (33,1);
INSERT into freeslots values (33,2);
INSERT into freeslots values (33,3);
INSERT into freeslots values (33,4);
INSERT into freeslots values (33,5);
INSERT into freeslots values (33,6);
INSERT into freeslots values (33,7);
INSERT into freeslots values (33,8);
INSERT into freeslots values (33,11);
INSERT into freeslots values (33,12);
INSERT into freeslots values (33,14);
INSERT into freeslots values (33,15);
INSERT into freeslots values (33,16);
INSERT into freeslots values (33,17);
INSERT into freeslots values (33,18);
INSERT into freeslots values (33,19);
INSERT into freeslots values (33,20);
INSERT into freeslots values (33,21);
INSERT into freeslots values (33,22);
INSERT into freeslots values (33,23);
INSERT into freeslots values (33,24);
INSERT into freeslots values (33,25);
INSERT into freeslots values (33,26);
INSERT into freeslots values (33,27);
INSERT into freeslots values (33,28);
INSERT into freeslots values (33,29);
INSERT into freeslots values (33,30);
INSERT into freeslots values (33,31);
INSERT into freeslots values (33,32);
INSERT into freeslots values (33,34);
INSERT into freeslots values (33,35);
INSERT into freeslots values (34,1);
INSERT into freeslots values (34,3);
INSERT into freeslots values (34,5);
INSERT into freeslots values (34,6);
INSERT into freeslots values (34,7);
INSERT into freeslots values (34,8);
INSERT into freeslots values (34,9);
INSERT into freeslots values (34,10);
INSERT into freeslots values (34,11);
INSERT into freeslots values (34,12);
INSERT into freeslots values (34,13);
INSERT into freeslots values (34,14);
INSERT into freeslots values (34,15);
INSERT into freeslots values (34,16);
INSERT into freeslots values (34,17);
INSERT into freeslots values (34,18);
INSERT into freeslots values (34,19);
INSERT into freeslots values (34,20);
INSERT into freeslots values (34,21);
INSERT into freeslots values (34,22);
INSERT into freeslots values (34,23);
INSERT into freeslots values (34,26);
INSERT into freeslots values (34,27);
INSERT into freeslots values (34,28);
INSERT into freeslots values (34,29);
INSERT into freeslots values (34,31);
INSERT into freeslots values (34,33);
INSERT into freeslots values (34,35);
INSERT into freeslots values (35,2);
INSERT into freeslots values (35,3);
INSERT into freeslots values (35,5);
INSERT into freeslots values (35,6);
INSERT into freeslots values (35,7);
INSERT into freeslots values (35,8);
INSERT into freeslots values (35,9);
INSERT into freeslots values (35,10);
INSERT into freeslots values (35,11);
INSERT into freeslots values (35,12);
INSERT into freeslots values (35,13);
INSERT into freeslots values (35,14);
INSERT into freeslots values (35,15);
INSERT into freeslots values (35,16);
INSERT into freeslots values (35,17);
INSERT into freeslots values (35,18);
INSERT into freeslots values (35,19);
INSERT into freeslots values (35,20);
INSERT into freeslots values (35,21);
INSERT into freeslots values (35,22);
INSERT into freeslots values (35,25);
INSERT into freeslots values (35,26);
INSERT into freeslots values (35,27);
INSERT into freeslots values (35,28);
INSERT into freeslots values (35,29);
INSERT into freeslots values (35,31);
INSERT into freeslots values (35,34);
INSERT into freeslots values (35,35);
INSERT into freeslots values (36,1);
INSERT into freeslots values (36,2);
INSERT into freeslots values (36,3);
INSERT into freeslots values (36,4);
INSERT into freeslots values (36,5);
INSERT into freeslots values (36,6);
INSERT into freeslots values (36,9);
INSERT into freeslots values (36,10);
INSERT into freeslots values (36,12);
INSERT into freeslots values (36,13);
INSERT into freeslots values (36,14);
INSERT into freeslots values (36,15);
INSERT into freeslots values (36,16);
INSERT into freeslots values (36,17);
INSERT into freeslots values (36,18);
INSERT into freeslots values (36,19);
INSERT into freeslots values (36,20);
INSERT into freeslots values (36,22);
INSERT into freeslots values (36,23);
INSERT into freeslots values (36,24);
INSERT into freeslots values (36,25);
INSERT into freeslots values (36,26);
INSERT into freeslots values (36,29);
INSERT into freeslots values (36,30);
INSERT into freeslots values (36,31);
INSERT into freeslots values (36,32);
INSERT into freeslots values (36,33);
INSERT into freeslots values (36,34);
INSERT into freeslots values (36,35);
INSERT into freeslots values (37,1);
INSERT into freeslots values (37,2);
INSERT into freeslots values (37,3);
INSERT into freeslots values (37,4);
INSERT into freeslots values (37,5);
INSERT into freeslots values (37,6);
INSERT into freeslots values (37,7);
INSERT into freeslots values (37,8);
INSERT into freeslots values (37,9);
INSERT into freeslots values (37,10);
INSERT into freeslots values (37,11);
INSERT into freeslots values (37,12);
INSERT into freeslots values (37,13);
INSERT into freeslots values (37,15);
INSERT into freeslots values (37,16);
INSERT into freeslots values (37,17);
INSERT into freeslots values (37,18);
INSERT into freeslots values (37,19);
INSERT into freeslots values (37,20);
INSERT into freeslots values (37,21);
INSERT into freeslots values (37,22);
INSERT into freeslots values (37,23);
INSERT into freeslots values (37,24);
INSERT into freeslots values (37,25);
INSERT into freeslots values (37,26);
INSERT into freeslots values (37,27);
INSERT into freeslots values (37,28);
INSERT into freeslots values (37,29);
INSERT into freeslots values (37,30);
INSERT into freeslots values (37,31);
INSERT into freeslots values (37,32);
INSERT into freeslots values (37,33);
INSERT into freeslots values (37,34);
INSERT into freeslots values (37,35);
INSERT into freeslots values (38,3);
INSERT into freeslots values (38,4);
INSERT into freeslots values (38,5);
INSERT into freeslots values (38,6);
INSERT into freeslots values (38,7);
INSERT into freeslots values (38,8);
INSERT into freeslots values (38,9);
INSERT into freeslots values (38,10);
INSERT into freeslots values (38,11);
INSERT into freeslots values (38,12);
INSERT into freeslots values (38,13);
INSERT into freeslots values (38,14);
INSERT into freeslots values (38,15);
INSERT into freeslots values (38,16);
INSERT into freeslots values (38,17);
INSERT into freeslots values (38,18);
INSERT into freeslots values (38,19);
INSERT into freeslots values (38,20);
INSERT into freeslots values (38,21);
INSERT into freeslots values (38,22);
INSERT into freeslots values (38,23);
INSERT into freeslots values (38,24);
INSERT into freeslots values (38,25);
INSERT into freeslots values (38,26);
INSERT into freeslots values (38,27);
INSERT into freeslots values (38,28);
INSERT into freeslots values (38,29);
INSERT into freeslots values (38,30);
INSERT into freeslots values (38,31);
INSERT into freeslots values (38,32);
INSERT into freeslots values (38,33);
INSERT into freeslots values (38,34);
INSERT into freeslots values (38,35);
INSERT into freeslots values (39,3);
INSERT into freeslots values (39,4);
INSERT into freeslots values (39,5);
INSERT into freeslots values (39,6);
INSERT into freeslots values (39,7);
INSERT into freeslots values (39,8);
INSERT into freeslots values (39,9);
INSERT into freeslots values (39,10);
INSERT into freeslots values (39,11);
INSERT into freeslots values (39,12);
INSERT into freeslots values (39,13);
INSERT into freeslots values (39,14);
INSERT into freeslots values (39,15);
INSERT into freeslots values (39,16);
INSERT into freeslots values (39,17);
INSERT into freeslots values (39,18);
INSERT into freeslots values (39,19);
INSERT into freeslots values (39,20);
INSERT into freeslots values (39,21);
INSERT into freeslots values (39,22);
INSERT into freeslots values (39,23);
INSERT into freeslots values (39,24);
INSERT into freeslots values (39,25);
INSERT into freeslots values (39,26);
INSERT into freeslots values (39,27);
INSERT into freeslots values (39,28);
INSERT into freeslots values (39,29);
INSERT into freeslots values (39,30);
INSERT into freeslots values (39,31);
INSERT into freeslots values (39,32);
INSERT into freeslots values (39,33);
INSERT into freeslots values (39,34);
INSERT into freeslots values (39,35);
INSERT into freeslots values (40,3);
INSERT into freeslots values (40,4);
INSERT into freeslots values (40,5);
INSERT into freeslots values (40,6);
INSERT into freeslots values (40,7);
INSERT into freeslots values (40,8);
INSERT into freeslots values (40,9);
INSERT into freeslots values (40,10);
INSERT into freeslots values (40,11);
INSERT into freeslots values (40,12);
INSERT into freeslots values (40,13);
INSERT into freeslots values (40,14);
INSERT into freeslots values (40,15);
INSERT into freeslots values (40,16);
INSERT into freeslots values (40,17);
INSERT into freeslots values (40,18);
INSERT into freeslots values (40,19);
INSERT into freeslots values (40,20);
INSERT into freeslots values (40,21);
INSERT into freeslots values (40,22);
INSERT into freeslots values (40,23);
INSERT into freeslots values (40,24);
INSERT into freeslots values (40,25);
INSERT into freeslots values (40,26);
INSERT into freeslots values (40,27);
INSERT into freeslots values (40,28);
INSERT into freeslots values (40,29);
INSERT into freeslots values (40,30);
INSERT into freeslots values (40,31);
INSERT into freeslots values (40,32);
INSERT into freeslots values (40,33);
INSERT into freeslots values (40,34);
INSERT into freeslots values (40,35);

CREATE TABLE bookedslots(slot_id INT , prof_id INT, roll_no VARCHAR(10) , reason VARCHAR(100),PRIMARY KEY (slot_id,prof_id) , FOREIGN KEY (prof_id) REFERENCES professor(prof_id), FOREIGN KEY (slot_id) REFERENCES slots(slot_id),FOREIGN KEY (roll_no) REFERENCES student(roll_no));


















